{"done_time": 1539346219, "mean_accuracy": 0.3750663834306957, "name": "RandomForestClassifier", "num_repeat": 2, "parameter": {"criterion": "gini", "max_depth": 10, "n_estimators": 10}, "score": [0.38688263409453, 0.3632501327668614], "start_time": 1539346218, "std_accuracy": 0.023632501327668587, "time_per_repeat": 0}
{"done_time": 1539346221, "mean_accuracy": 0.6159718534253851, "name": "RandomForestClassifier", "num_repeat": 2, "parameter": {"criterion": "gini", "max_depth": 10, "n_estimators": 50}, "score": [0.6083377588953797, 0.6236059479553904], "start_time": 1539346218, "std_accuracy": 0.015268189060010706, "time_per_repeat": 1}
{"done_time": 1539346223, "mean_accuracy": 0.6668879447689857, "name": "RandomForestClassifier", "num_repeat": 2, "parameter": {"criterion": "gini", "max_depth": 10, "n_estimators": 100}, "score": [0.6732607541157727, 0.6605151354221986], "start_time": 1539346219, "std_accuracy": 0.012745618693574046, "time_per_repeat": 2}
{"done_time": 1539346224, "mean_accuracy": 0.5710966542750929, "name": "RandomForestClassifier", "num_repeat": 2, "parameter": {"criterion": "gini", "max_depth": 50, "n_estimators": 10}, "score": [0.5670472650026553, 0.5751460435475305], "start_time": 1539346221, "std_accuracy": 0.008098778544875174, "time_per_repeat": 1}
{"done_time": 1539346238, "mean_accuracy": 0.7138210302708444, "name": "RandomForestClassifier", "num_repeat": 2, "parameter": {"criterion": "gini", "max_depth": 50, "n_estimators": 50}, "score": [0.7145512480084971, 0.7130908125331917], "start_time": 1539346223, "std_accuracy": 0.0014604354753053883, "time_per_repeat": 7}
{"done_time": 1539346244, "mean_accuracy": 0.5759426447158789, "name": "RandomForestClassifier", "num_repeat": 2, "parameter": {"criterion": "gini", "max_depth": 100, "n_estimators": 10}, "score": [0.5934678704195433, 0.5584174190122145], "start_time": 1539346238, "std_accuracy": 0.035050451407328764, "time_per_repeat": 3}
{"done_time": 1539346251, "mean_accuracy": 0.7511285183218268, "name": "RandomForestClassifier", "num_repeat": 2, "parameter": {"criterion": "gini", "max_depth": 50, "n_estimators": 100}, "score": [0.7503983005841742, 0.7518587360594795], "start_time": 1539346224, "std_accuracy": 0.0014604354753052773, "time_per_repeat": 13}
{"done_time": 1539346276, "mean_accuracy": 0.7321428571428572, "name": "RandomForestClassifier", "num_repeat": 2, "parameter": {"criterion": "gini", "max_depth": 100, "n_estimators": 50}, "score": [0.7312798725438131, 0.7330058417419012], "start_time": 1539346244, "std_accuracy": 0.0017259691980880953, "time_per_repeat": 16}
{"done_time": 1539346277, "mean_accuracy": 0.37699150292087097, "name": "RandomForestClassifier", "num_repeat": 2, "parameter": {"criterion": "entropy", "max_depth": 10, "n_estimators": 10}, "score": [0.3960435475305364, 0.35793945831120555], "start_time": 1539346276, "std_accuracy": 0.03810408921933084, "time_per_repeat": 0}
{"done_time": 1539346283, "mean_accuracy": 0.5576208178438662, "name": "RandomForestClassifier", "num_repeat": 2, "parameter": {"criterion": "entropy", "max_depth": 10, "n_estimators": 50}, "score": [0.5582846521508231, 0.5569569835369091], "start_time": 1539346277, "std_accuracy": 0.0013276686139139793, "time_per_repeat": 3}
{"done_time": 1539346294, "mean_accuracy": 0.6267923526287839, "name": "RandomForestClassifier", "num_repeat": 2, "parameter": {"criterion": "entropy", "max_depth": 10, "n_estimators": 100}, "score": [0.6274561869357408, 0.6261285183218269], "start_time": 1539346283, "std_accuracy": 0.0013276686139138683, "time_per_repeat": 5}
{"done_time": 1539346304, "mean_accuracy": 0.36842804036112586, "name": "RandomForestClassifier", "num_repeat": 2, "parameter": {"criterion": "entropy", "max_depth": 50, "n_estimators": 10}, "score": [0.34453000531067446, 0.39232607541157727], "start_time": 1539346294, "std_accuracy": 0.04779607010090281, "time_per_repeat": 5}
{"done_time": 1539346314, "mean_accuracy": 0.7615507169410516, "name": "RandomForestClassifier", "num_repeat": 2, "parameter": {"criterion": "gini", "max_depth": 100, "n_estimators": 100}, "score": [0.761019649495486, 0.7620817843866171], "start_time": 1539346251, "std_accuracy": 0.0010621348911311612, "time_per_repeat": 31}
{"done_time": 1539346352, "mean_accuracy": 0.5814524694636218, "name": "RandomForestClassifier", "num_repeat": 2, "parameter": {"criterion": "entropy", "max_depth": 50, "n_estimators": 50}, "score": [0.5800584174190122, 0.5828465215082316], "start_time": 1539346304, "std_accuracy": 0.0027881040892193676, "time_per_repeat": 24}
{"done_time": 1539346365, "mean_accuracy": 0.33835634625597455, "name": "RandomForestClassifier", "num_repeat": 2, "parameter": {"criterion": "entropy", "max_depth": 100, "n_estimators": 10}, "score": [0.347716409984068, 0.32899628252788105], "start_time": 1539346352, "std_accuracy": 0.018720127456186952, "time_per_repeat": 6}
{"done_time": 1539346408, "mean_accuracy": 0.6499601699415827, "name": "RandomForestClassifier", "num_repeat": 2, "parameter": {"criterion": "entropy", "max_depth": 50, "n_estimators": 100}, "score": [0.6464418481147106, 0.6534784917684546], "start_time": 1539346314, "std_accuracy": 0.0070366436537440125, "time_per_repeat": 47}
{"done_time": 1539346428, "mean_accuracy": 0.5803903345724908, "name": "RandomForestClassifier", "num_repeat": 2, "parameter": {"criterion": "entropy", "max_depth": 100, "n_estimators": 50}, "score": [0.5791290493892725, 0.581651619755709], "start_time": 1539346365, "std_accuracy": 0.0025225703664365495, "time_per_repeat": 31}
{"done_time": 1539346531, "mean_accuracy": 0.641064790228359, "name": "RandomForestClassifier", "num_repeat": 2, "parameter": {"criterion": "entropy", "max_depth": 100, "n_estimators": 100}, "score": [0.6384758364312267, 0.6436537440254912], "start_time": 1539346408, "std_accuracy": 0.005177907594264508, "time_per_repeat": 61}
{"done_time": 1539346546, "mean_accuracy": 0.6724641529474243, "name": "KNeighborsClassifier", "num_repeat": 2, "parameter": {"n_neighbors": 1, "p": 2, "weights": "uniform"}, "score": [0.6724641529474243, 0.6724641529474243], "start_time": 1539346531, "std_accuracy": 0.0, "time_per_repeat": 7}
