{"done_time": 1539499572, "mean_accuracy": 0.88456, "name": "SGDClassifier", "num_repeat": 2, "parameter": {"loss": "hinge", "penalty": "l2"}, "score": [0.88388, 0.88524], "start_time": 1539499558, "std_accuracy": 0.0013600000000000279, "time_per_repeat": 7}
{"done_time": 1539499584, "mean_accuracy": 0.8712599999999999, "name": "SGDClassifier", "num_repeat": 2, "parameter": {"loss": "hinge", "penalty": "l1"}, "score": [0.87044, 0.87208], "start_time": 1539499558, "std_accuracy": 0.0016399999999999748, "time_per_repeat": 13}
{"done_time": 1539499613, "mean_accuracy": 0.88308, "name": "SGDClassifier", "num_repeat": 2, "parameter": {"loss": "hinge", "penalty": "elasticnet"}, "score": [0.8842, 0.88196], "start_time": 1539499572, "std_accuracy": 0.0022400000000000198, "time_per_repeat": 20}
{"done_time": 1539499625, "mean_accuracy": 0.85242, "name": "SGDClassifier", "num_repeat": 2, "parameter": {"loss": "squared_hinge", "penalty": "l2"}, "score": [0.85324, 0.8516], "start_time": 1539499613, "std_accuracy": 0.0016399999999999748, "time_per_repeat": 6}
{"done_time": 1539499632, "mean_accuracy": 0.8538, "name": "SGDClassifier", "num_repeat": 2, "parameter": {"loss": "squared_hinge", "penalty": "l1"}, "score": [0.8554, 0.8522], "start_time": 1539499584, "std_accuracy": 0.0032000000000000917, "time_per_repeat": 24}
{"done_time": 1539499655, "mean_accuracy": 0.83384, "name": "SGDClassifier", "num_repeat": 2, "parameter": {"loss": "perceptron", "penalty": "l1"}, "score": [0.83152, 0.83616], "start_time": 1539499632, "std_accuracy": 0.0046399999999999775, "time_per_repeat": 11}
{"done_time": 1539499667, "mean_accuracy": 0.8526400000000001, "name": "SGDClassifier", "num_repeat": 2, "parameter": {"loss": "perceptron", "penalty": "l2"}, "score": [0.85332, 0.85196], "start_time": 1539499655, "std_accuracy": 0.0013599999999999168, "time_per_repeat": 6}
{"done_time": 1539499674, "mean_accuracy": 0.8533999999999999, "name": "SGDClassifier", "num_repeat": 2, "parameter": {"loss": "squared_hinge", "penalty": "elasticnet"}, "score": [0.85376, 0.85304], "start_time": 1539499625, "std_accuracy": 0.0007199999999999429, "time_per_repeat": 24}
{"done_time": 1539499697, "mean_accuracy": 0.86218, "name": "SGDClassifier", "num_repeat": 2, "parameter": {"loss": "perceptron", "penalty": "elasticnet"}, "score": [0.85672, 0.86764], "start_time": 1539499667, "std_accuracy": 0.01091999999999993, "time_per_repeat": 15}
{"done_time": 1539499703, "mean_accuracy": 0.8617, "name": "SGDClassifier", "num_repeat": 2, "parameter": {"loss": "log", "penalty": "l1"}, "score": [0.86336, 0.86004], "start_time": 1539499674, "std_accuracy": 0.0033199999999999896, "time_per_repeat": 14}
{"done_time": 1539499714, "mean_accuracy": 0.8711599999999999, "name": "SGDClassifier", "num_repeat": 2, "parameter": {"loss": "log", "penalty": "l2"}, "score": [0.87084, 0.87148], "start_time": 1539499697, "std_accuracy": 0.0006400000000000849, "time_per_repeat": 8}
{"done_time": 1539499744, "mean_accuracy": 0.86886, "name": "SGDClassifier", "num_repeat": 2, "parameter": {"loss": "log", "penalty": "elasticnet"}, "score": [0.8688, 0.86892], "start_time": 1539499703, "std_accuracy": 0.00012000000000000899, "time_per_repeat": 20}
{"done_time": 1539499747, "mean_accuracy": 0.86654, "name": "SGDClassifier", "num_repeat": 2, "parameter": {"loss": "modified_huber", "penalty": "l1"}, "score": [0.8662, 0.86688], "start_time": 1539499714, "std_accuracy": 0.0006800000000000139, "time_per_repeat": 16}
{"done_time": 1539499758, "mean_accuracy": 0.8676200000000001, "name": "SGDClassifier", "num_repeat": 2, "parameter": {"loss": "modified_huber", "penalty": "l2"}, "score": [0.87468, 0.86056], "start_time": 1539499744, "std_accuracy": 0.014120000000000021, "time_per_repeat": 7}
{"done_time": 1539499798, "mean_accuracy": 0.88012, "name": "SGDClassifier", "num_repeat": 2, "parameter": {"loss": "modified_huber", "penalty": "elasticnet"}, "score": [0.88424, 0.876], "start_time": 1539499747, "std_accuracy": 0.008240000000000025, "time_per_repeat": 25}
{"done_time": 1539532071, "mean_accuracy": 0.88314, "name": "SVC", "num_repeat": 2, "parameter": {"C": 1.0, "kernel": "linear"}, "score": [0.88316, 0.88312], "start_time": 1539499758, "std_accuracy": 3.999999999992898e-05, "time_per_repeat": 16156}
{"done_time": 1539556438, "mean_accuracy": 0.67488, "name": "SVC", "num_repeat": 2, "parameter": {"C": 1.0, "kernel": "rbf"}, "score": [0.67488, 0.67488], "start_time": 1539499798, "std_accuracy": 0.0, "time_per_repeat": 28320}
{"done_time": 1539587708, "mean_accuracy": 0.5365800000000001, "name": "SVC", "num_repeat": 2, "parameter": {"C": 1.0, "kernel": "poly"}, "score": [0.53668, 0.53648], "start_time": 1539532071, "std_accuracy": 0.000200000000000089, "time_per_repeat": 27818}
{"done_time": 1539613002, "mean_accuracy": 0.67492, "name": "SVC", "num_repeat": 2, "parameter": {"C": 1.0, "kernel": "sigmoid"}, "score": [0.67492, 0.67492], "start_time": 1539556438, "std_accuracy": 0.0, "time_per_repeat": 28282}
{"done_time": 1539650707, "mean_accuracy": 0.84546, "name": "SVC", "num_repeat": 2, "parameter": {"C": 10.0, "kernel": "linear"}, "score": [0.84548, 0.84544], "start_time": 1539587708, "std_accuracy": 4.0000000000040004e-05, "time_per_repeat": 31499}
{"done_time": 1539670632, "mean_accuracy": 0.67488, "name": "SVC", "num_repeat": 2, "parameter": {"C": 10.0, "kernel": "rbf"}, "score": [0.67488, 0.67488], "start_time": 1539613002, "std_accuracy": 0.0, "time_per_repeat": 28815}
{"done_time": 1539706901, "mean_accuracy": 0.53672, "name": "SVC", "num_repeat": 2, "parameter": {"C": 10.0, "kernel": "poly"}, "score": [0.53672, 0.53672], "start_time": 1539650707, "std_accuracy": 0.0, "time_per_repeat": 28097}
{"done_time": 1539727274, "mean_accuracy": 0.67492, "name": "SVC", "num_repeat": 2, "parameter": {"C": 10.0, "kernel": "sigmoid"}, "score": [0.67492, 0.67492], "start_time": 1539670632, "std_accuracy": 0.0, "time_per_repeat": 28321}
{"done_time": 1539774840, "mean_accuracy": 0.83576, "name": "SVC", "num_repeat": 2, "parameter": {"C": 100.0, "kernel": "linear"}, "score": [0.83576, 0.83576], "start_time": 1539706901, "std_accuracy": 0.0, "time_per_repeat": 33969}
{"done_time": 1539783226, "mean_accuracy": 0.76436, "name": "SVC", "num_repeat": 2, "parameter": {"C": 100.0, "kernel": "rbf"}, "score": [0.76436, 0.76436], "start_time": 1539727274, "std_accuracy": 0.0, "time_per_repeat": 27976}
{"done_time": 1539830739, "mean_accuracy": 0.53672, "name": "SVC", "num_repeat": 2, "parameter": {"C": 100.0, "kernel": "poly"}, "score": [0.53672, 0.53672], "start_time": 1539774840, "std_accuracy": 0.0, "time_per_repeat": 27949}
{"done_time": 1539830753, "mean_accuracy": 0.7454000000000001, "name": "RandomForestClassifier", "num_repeat": 2, "parameter": {"criterion": "gini", "max_depth": 10, "n_estimators": 10}, "score": [0.75556, 0.73524], "start_time": 1539830739, "std_accuracy": 0.020320000000000005, "time_per_repeat": 7}
{"done_time": 1539830793, "mean_accuracy": 0.8067599999999999, "name": "RandomForestClassifier", "num_repeat": 2, "parameter": {"criterion": "gini", "max_depth": 10, "n_estimators": 50}, "score": [0.80848, 0.80504], "start_time": 1539830753, "std_accuracy": 0.0034399999999999986, "time_per_repeat": 20}
{"done_time": 1539830866, "mean_accuracy": 0.81918, "name": "RandomForestClassifier", "num_repeat": 2, "parameter": {"criterion": "gini", "max_depth": 10, "n_estimators": 100}, "score": [0.81644, 0.82192], "start_time": 1539830793, "std_accuracy": 0.005479999999999929, "time_per_repeat": 36}
{"done_time": 1539830895, "mean_accuracy": 0.75222, "name": "RandomForestClassifier", "num_repeat": 2, "parameter": {"criterion": "gini", "max_depth": 50, "n_estimators": 10}, "score": [0.75636, 0.74808], "start_time": 1539830866, "std_accuracy": 0.008280000000000065, "time_per_repeat": 14}
{"done_time": 1539831010, "mean_accuracy": 0.8257, "name": "RandomForestClassifier", "num_repeat": 2, "parameter": {"criterion": "gini", "max_depth": 50,